Company,Title,City,State,Country,Level,Industry,URL
Collabera Inc.,Web Developer,Seattle,WA,US,Executive,['Computer Software'],https://www.linkedin.com/jobs/view/web-developer-at-collabera-inc-1705164394?refId=6753440a-4091-4e4c-8bef-9b31e3136870&position=1&pageNum=0&trk=guest_job_search_job-result-card_result-card_full-click
Via,Operations Manager,Green Bay,WI,US,Mid-Senior level,"['Information Technology and Services,Automotive']",https://www.linkedin.com/jobs/view/operations-manager-at-via-1705162282?refId=6753440a-4091-4e4c-8bef-9b31e3136870&position=2&pageNum=0&trk=guest_job_search_job-result-card_result-card_full-click
Fahrenheit IT,Native Cloud Full-Stack Developer,Arlington,VA,US,Mid-Senior level,['Telecommunications'],https://www.linkedin.com/jobs/view/native-cloud-full-stack-developer-at-fahrenheit-it-1705144906?refId=6753440a-4091-4e4c-8bef-9b31e3136870&position=3&pageNum=0&trk=guest_job_search_job-result-card_result-card_full-click
Biomerics,Injection Molding Engineer,Salt Lake City,UT,US,Mid-Senior level,['Medical Devices'],https://www.linkedin.com/jobs/view/injection-molding-engineer-at-biomerics-1705144138?refId=6753440a-4091-4e4c-8bef-9b31e3136870&position=4&pageNum=0&trk=guest_job_search_job-result-card_result-card_full-click
Hunter International Recruiting,Construction Project Manager,Cincinnati,OH,US,Mid-Senior level,"['Construction,Civil Engineering,Consumer Goods']",https://www.linkedin.com/jobs/view/construction-project-manager-at-hunter-international-recruiting-1705136826?refId=6753440a-4091-4e4c-8bef-9b31e3136870&position=5&pageNum=0&trk=guest_job_search_job-result-card_result-card_full-click
Delivery Dudes,Paralegal/Executive Assistant,Delray Beach,FL,US,Not Applicable,['Food & Beverages'],https://www.linkedin.com/jobs/view/paralegal-executive-assistant-at-delivery-dudes-1705138186?refId=6753440a-4091-4e4c-8bef-9b31e3136870&position=6&pageNum=0&trk=guest_job_search_job-result-card_result-card_full-click
"North 6th Agency, Inc. (N6A)",PR Account Manager,New York,NY,US,Mid-Senior level,['Public Relations and Communications'],https://www.linkedin.com/jobs/view/pr-account-manager-at-north-6th-agency-inc-n6a-1705145428?refId=6753440a-4091-4e4c-8bef-9b31e3136870&position=7&pageNum=0&trk=guest_job_search_job-result-card_result-card_full-click
The Mullings Group,Sr. Clinical Engineer (Neurostim Technology),San Francisco,CA,US,Mid-Senior level,"['Medical Devices,Biotechnology,Electrical/Electronic Manufacturing']",https://www.linkedin.com/jobs/view/sr-clinical-engineer-neurostim-technology-at-the-mullings-group-1705143428?refId=6753440a-4091-4e4c-8bef-9b31e3136870&position=8&pageNum=0&trk=guest_job_search_job-result-card_result-card_full-click
"Synergy Consulting Group, Inc.",Application Support Developer,Cincinnati,OH,US,Mid-Senior level,"['Computer Software,Information Technology and Services']",https://www.linkedin.com/jobs/view/application-support-developer-at-synergy-consulting-group-inc-1705133943?refId=6753440a-4091-4e4c-8bef-9b31e3136870&position=9&pageNum=0&trk=guest_job_search_job-result-card_result-card_full-click
"Pinnacle Group, Inc.",Senior Tibco Developer,Dallas,TX,US,Mid-Senior level,['Airlines/Aviation'],https://www.linkedin.com/jobs/view/senior-tibco-developer-at-pinnacle-group-inc-1705105767?refId=6753440a-4091-4e4c-8bef-9b31e3136870&position=10&pageNum=0&trk=guest_job_search_job-result-card_result-card_full-click
"Domino Technologies, Inc.",Senior .Net Developer,Harrisburg,PA,US,Mid-Senior level,['Information Technology and Services'],https://www.linkedin.com/jobs/view/senior-net-developer-at-domino-technologies-inc-1705159918?refId=6753440a-4091-4e4c-8bef-9b31e3136870&position=11&pageNum=0&trk=guest_job_search_job-result-card_result-card_full-click
CARR a Xerox Company,Sales Account Executive- Outside Sales,New York,NY,US,Associate,"['Information Technology and Services,Business Supplies and Equipment,Information Services']",https://www.linkedin.com/jobs/view/sales-account-executive-outside-sales-at-carr-a-xerox-company-1705164031?refId=6753440a-4091-4e4c-8bef-9b31e3136870&position=12&pageNum=0&trk=guest_job_search_job-result-card_result-card_full-click
"Daniel Defense, Inc.",Supply Chain Manager,Savannah,GA,US,Mid-Senior level,['Defense & Space'],https://www.linkedin.com/jobs/view/supply-chain-manager-at-daniel-defense-inc-1705148255?refId=6753440a-4091-4e4c-8bef-9b31e3136870&position=13&pageNum=0&trk=guest_job_search_job-result-card_result-card_full-click
WorldBridge Partners - Leaders in Recruiting and Executive Search,Warehouse Operations Manager,San Angelo,TX,US,Mid-Senior level,['Warehousing'],https://www.linkedin.com/jobs/view/warehouse-operations-manager-at-worldbridge-partners-leaders-in-recruiting-and-executive-search-1705141103?refId=6753440a-4091-4e4c-8bef-9b31e3136870&position=14&pageNum=0&trk=guest_job_search_job-result-card_result-card_full-click
SGI-DNA,Electro Mechanical Engineer,San Diego,CA,US,Mid-Senior level,['Biotechnology'],https://www.linkedin.com/jobs/view/electro-mechanical-engineer-at-sgi-dna-1705125727?refId=6753440a-4091-4e4c-8bef-9b31e3136870&position=15&pageNum=0&trk=guest_job_search_job-result-card_result-card_full-click
ACCUMEN Inc.,Financial Planning and Analysis Manager,Louisville,KY,US,Mid-Senior level,['Hospital & Health Care'],https://www.linkedin.com/jobs/view/financial-planning-and-analysis-manager-at-accumen-inc-1705159051?refId=6753440a-4091-4e4c-8bef-9b31e3136870&position=16&pageNum=0&trk=guest_job_search_job-result-card_result-card_full-click
Lucas Group,Fulfillment Supervisor,Youngstown,OH,US,Mid-Senior level,['Food & Beverages'],https://www.linkedin.com/jobs/view/fulfillment-supervisor-at-lucas-group-1705075883?refId=6753440a-4091-4e4c-8bef-9b31e3136870&position=17&pageNum=0&trk=guest_job_search_job-result-card_result-card_full-click
"Crabtree & Eller, LLC",Transportation Sales,Chicago,IL,US,Mid-Senior level,"['Logistics and Supply Chain,Transportation/Trucking/Railroad']",https://www.linkedin.com/jobs/view/transportation-sales-at-crabtree-eller-llc-1705154536?refId=6753440a-4091-4e4c-8bef-9b31e3136870&position=18&pageNum=0&trk=guest_job_search_job-result-card_result-card_full-click
M Moser Associates,Senior Architectural Designer,New York,NY,US,Associate,"['Architecture & Planning,Design']",https://www.linkedin.com/jobs/view/senior-architectural-designer-at-m-moser-associates-1705137896?refId=6753440a-4091-4e4c-8bef-9b31e3136870&position=19&pageNum=0&trk=guest_job_search_job-result-card_result-card_full-click
CBM of America,Telecommunications Site Survey Engineer,Carrollton,TX,US,Mid-Senior level,['Telecommunications'],https://www.linkedin.com/jobs/view/telecommunications-site-survey-engineer-at-cbm-of-america-1705139603?refId=6753440a-4091-4e4c-8bef-9b31e3136870&position=20&pageNum=0&trk=guest_job_search_job-result-card_result-card_full-click
GEODIS,Operations Manager - 2nd Shift,Dallas,TX,US,Associate,['Logistics and Supply Chain'],https://www.linkedin.com/jobs/view/operations-manager-2nd-shift-at-geodis-1705117932?refId=6753440a-4091-4e4c-8bef-9b31e3136870&position=21&pageNum=0&trk=guest_job_search_job-result-card_result-card_full-click
BECCA Cosmetics,Senior Accountant,New York,NY,US,Associate,"['Consumer Goods,Cosmetics']",https://www.linkedin.com/jobs/view/senior-accountant-at-becca-cosmetics-1705120241?refId=6753440a-4091-4e4c-8bef-9b31e3136870&position=22&pageNum=0&trk=guest_job_search_job-result-card_result-card_full-click
"Pioneer Bank, SSB",Commercial Loan Administrator,Houston,TX,US,Associate,['Banking'],https://www.linkedin.com/jobs/view/commercial-loan-administrator-at-pioneer-bank-ssb-1705115020?refId=6753440a-4091-4e4c-8bef-9b31e3136870&position=23&pageNum=0&trk=guest_job_search_job-result-card_result-card_full-click
Synechron,Java / UI Developer,Jersey City,NJ,US,Mid-Senior level,['Financial Services'],https://www.linkedin.com/jobs/view/java-ui-developer-at-synechron-1705160157?refId=6753440a-4091-4e4c-8bef-9b31e3136870&position=24&pageNum=0&trk=guest_job_search_job-result-card_result-card_full-click
Focus Technology,Microsoft Engineer,Boston,MA,US,Mid-Senior level,['Information Technology and Services'],https://www.linkedin.com/jobs/view/microsoft-engineer-at-focus-technology-1705084077?refId=6753440a-4091-4e4c-8bef-9b31e3136870&position=25&pageNum=0&trk=guest_job_search_job-result-card_result-card_full-click
Cigars International,Merchandise Coordinator,Bethlehem,PA,US,Mid-Senior level,['Tobacco'],https://www.linkedin.com/jobs/view/merchandise-coordinator-at-cigars-international-1705157346?refId=a11ace9c-ae9b-45b5-b9bb-7787cb852961&position=1&pageNum=0&trk=guest_job_search_job-result-card_result-card_full-click
KILLER BURGER,Administrative Coordinator - Franchise Department,Portland,OR,US,Entry level,"['Restaurants,Food & Beverages,Retail']",https://www.linkedin.com/jobs/view/administrative-coordinator-franchise-department-at-killer-burger-1702100037?refId=a11ace9c-ae9b-45b5-b9bb-7787cb852961&position=2&pageNum=0&trk=guest_job_search_job-result-card_result-card_full-click
Phillips Academy,"Coordinator, Educational Outreach & Museums",Andover,MA,US,Entry level,"['Higher Education,Education Management,Government Administration']",https://www.linkedin.com/jobs/view/coordinator-educational-outreach-museums-at-phillips-academy-1701995947?refId=a11ace9c-ae9b-45b5-b9bb-7787cb852961&position=3&pageNum=0&trk=guest_job_search_job-result-card_result-card_full-click
Starbucks,"social media strategic planner, Social Planning and Insights, SSC - Seattle, WA",Seattle,WA,US,Not Applicable,"['Consumer Goods,Food & Beverages,Retail']",https://www.linkedin.com/jobs/view/social-media-strategic-planner-social-planning-and-insights-ssc-seattle-wa-at-starbucks-1701929641?refId=a11ace9c-ae9b-45b5-b9bb-7787cb852961&position=4&pageNum=0&trk=guest_job_search_job-result-card_result-card_full-click
Carat USA,Digital Media Planner,New York,NY,US,Associate,"['Marketing and Advertising,Online Media']",https://www.linkedin.com/jobs/view/digital-media-planner-at-carat-usa-1705112795?refId=a11ace9c-ae9b-45b5-b9bb-7787cb852961&position=5&pageNum=0&trk=guest_job_search_job-result-card_result-card_full-click
Inspirato,Jr. Copywriter,Denver,CO,US,Not Applicable,"['Real Estate,Leisure, Travel & Tourism,Hospitality']",https://www.linkedin.com/jobs/view/jr-copywriter-at-inspirato-1701999828?refId=a11ace9c-ae9b-45b5-b9bb-7787cb852961&position=6&pageNum=0&trk=guest_job_search_job-result-card_result-card_full-click
Wyoming Game & Fish Dept,Wildlife Investigator - Wyoming,Hiland,WY,US,Associate,"['Nonprofit Organization Management,Environmental Services,Government Administration']",https://www.linkedin.com/jobs/view/wildlife-investigator-wyoming-at-wyoming-game-fish-dept-1701907348?refId=a11ace9c-ae9b-45b5-b9bb-7787cb852961&position=7&pageNum=0&trk=guest_job_search_job-result-card_result-card_full-click
Steve Madden,Sample Coordinator,New York,NY,US,Entry level,"['Apparel & Fashion,Retail,Luxury Goods & Jewelry']",https://www.linkedin.com/jobs/view/sample-coordinator-at-steve-madden-1702102718?refId=a11ace9c-ae9b-45b5-b9bb-7787cb852961&position=8&pageNum=0&trk=guest_job_search_job-result-card_result-card_full-click
Serendipity Coaching,Office administrator/Client coordinator,Winston Salem,NC,US,Entry level,"['Marketing and Advertising,Public Relations and Communications,Events Services']",https://www.linkedin.com/jobs/view/office-administrator-client-coordinator-at-serendipity-coaching-1701985088?refId=a11ace9c-ae9b-45b5-b9bb-7787cb852961&position=11&pageNum=0&trk=guest_job_search_job-result-card_result-card_full-click
BNY Mellon,"Principal, Program & Project Managment",New York,NY,US,Not Applicable,['Financial Services'],https://www.linkedin.com/jobs/view/principal-program-project-managment-at-bny-mellon-1701928278?refId=a11ace9c-ae9b-45b5-b9bb-7787cb852961&position=12&pageNum=0&trk=guest_job_search_job-result-card_result-card_full-click
Anthropologie,Anthropologie: Product Development & Production Coordinator-Home Textiles,Philadelphia,PA,US,Associate,['Apparel & Fashion'],https://www.linkedin.com/jobs/view/anthropologie-product-development-production-coordinator-home-textiles-at-anthropologie-1705145796?refId=a11ace9c-ae9b-45b5-b9bb-7787cb852961&position=13&pageNum=0&trk=guest_job_search_job-result-card_result-card_full-click
"California State University, Stanislaus",Test Proctor,Turlock,CA,US,Entry level,"['Higher Education,Education Management,Government Administration']",https://www.linkedin.com/jobs/view/test-proctor-at-california-state-university-stanislaus-1702105326?refId=a11ace9c-ae9b-45b5-b9bb-7787cb852961&position=14&pageNum=0&trk=guest_job_search_job-result-card_result-card_full-click
PUMA Group,"Analyst, Business Intelligence - Consumer Insights",Westford,MA,US,Associate,"['Apparel & Fashion,Retail']",https://www.linkedin.com/jobs/view/analyst-business-intelligence-consumer-insights-at-puma-group-1705124411?refId=a11ace9c-ae9b-45b5-b9bb-7787cb852961&position=15&pageNum=0&trk=guest_job_search_job-result-card_result-card_full-click
Twitter,Research Analyst,Los Angeles,CA,US,Not Applicable,['Internet'],https://www.linkedin.com/jobs/view/research-analyst-at-twitter-1705147871?refId=a11ace9c-ae9b-45b5-b9bb-7787cb852961&position=16&pageNum=0&trk=guest_job_search_job-result-card_result-card_full-click
ROARK,Marketing Coordinator,Laguna Beach,CA,US,Entry level,"['Apparel & Fashion,Retail,Luxury Goods & Jewelry']",https://www.linkedin.com/jobs/view/marketing-coordinator-at-roark-1702105894?refId=a11ace9c-ae9b-45b5-b9bb-7787cb852961&position=17&pageNum=0&trk=guest_job_search_job-result-card_result-card_full-click
Delta Pipeline Limited,Project Coordinator,Long Beach,CA,US,Entry level,"['Construction,Civil Engineering,Utilities']",https://www.linkedin.com/jobs/view/project-coordinator-at-delta-pipeline-limited-1701911926?refId=a11ace9c-ae9b-45b5-b9bb-7787cb852961&position=18&pageNum=0&trk=guest_job_search_job-result-card_result-card_full-click
Tally Inc,Risk and Servicing Specialist,San Francisco,CA,US,Associate,"['Financial Services,Consumer Services,Computer Software']",https://www.linkedin.com/jobs/view/risk-and-servicing-specialist-at-tally-inc-1705157004?refId=a11ace9c-ae9b-45b5-b9bb-7787cb852961&position=19&pageNum=0&trk=guest_job_search_job-result-card_result-card_full-click
American Red Cross,Events Specialist,Minneapolis,MN,US,Not Applicable,"['Civic & Social Organization,Nonprofit Organization Management']",https://www.linkedin.com/jobs/view/events-specialist-at-american-red-cross-1701915179?refId=a11ace9c-ae9b-45b5-b9bb-7787cb852961&position=20&pageNum=0&trk=guest_job_search_job-result-card_result-card_full-click
American Airlines,"Analyst/Senior Analyst, Customer Experience Strategy",Fort Worth,TX,US,Not Applicable,"['Airlines/Aviation,Aviation & Aerospace,Consumer Services']",https://www.linkedin.com/jobs/view/analyst-senior-analyst-customer-experience-strategy-at-american-airlines-1701944681?refId=a11ace9c-ae9b-45b5-b9bb-7787cb852961&position=21&pageNum=0&trk=guest_job_search_job-result-card_result-card_full-click
The Agency Group,CEO President (Remote Work),Spring Green,WI,US,Executive,"['Marketing and Advertising,Financial Services,Real Estate']",https://www.linkedin.com/jobs/view/ceo-president-remote-work-at-the-agency-group-1702102401?refId=a11ace9c-ae9b-45b5-b9bb-7787cb852961&position=22&pageNum=0&trk=guest_job_search_job-result-card_result-card_full-click
iHeartMedia,Digital Account Coordinator,New York,NY,US,Entry level,"['Broadcast Media,Financial Services,Accounting']",https://www.linkedin.com/jobs/view/digital-account-coordinator-at-iheartmedia-1701932034?refId=a11ace9c-ae9b-45b5-b9bb-7787cb852961&position=23&pageNum=0&trk=guest_job_search_job-result-card_result-card_full-click
Confidential,Director Brand Strategy & Corporate Communications,Kennesaw,GA,US,Director,"['Automotive,Marketing and Advertising,Public Relations and Communications']",https://www.linkedin.com/jobs/view/director-brand-strategy-corporate-communications-at-confidential-1705155397?refId=a11ace9c-ae9b-45b5-b9bb-7787cb852961&position=24&pageNum=0&trk=guest_job_search_job-result-card_result-card_full-click
Common Cause,Civic Engagement Organizer - Charlotte,Charlotte,NC,US,Associate,"['Nonprofit Organization Management,Fund-Raising,Civic & Social Organization']",https://www.linkedin.com/jobs/view/civic-engagement-organizer-charlotte-at-common-cause-1701985907?refId=a11ace9c-ae9b-45b5-b9bb-7787cb852961&position=25&pageNum=0&trk=guest_job_search_job-result-card_result-card_full-click
"Crabtree & Eller, LLC",Logistics Account Manager,Chicago,IL,US,Mid-Senior level,"['Logistics and Supply Chain,Transportation/Trucking/Railroad']",https://www.linkedin.com/jobs/view/transportation-sales-at-crabtree-eller-llc-1705154536?refId=20d4c42b-6321-4175-bbd5-03aec682dd20&position=18&pageNum=0&trk=guest_job_search_job-result-card_result-card_full-click
"Clean Air Lawn Care, Inc.",New Franchise Location Development,Buffalo Creek,CO,US,Associate,"['Renewables & Environment,Consumer Services,Public Policy']",https://www.linkedin.com/jobs/view/new-franchise-location-development-at-clean-air-lawn-care-inc-1705143254?refId=a9621ca6-b735-4f6d-8a72-079ed600e195&position=22&pageNum=0&trk=guest_job_search_job-result-card_result-card_full-click
Company,Title,City,State,Country,Level,Industry,URL
Prince William County Public Schools,MATHEMATICS TEACHER -195 DAY,Manassas,VA,US,Entry level,"['Primary/Secondary Education,Higher Education,Education Management']",https://www.linkedin.com/jobs/view/mathematics-teacher-195-day-at-prince-william-county-public-schools-1702106923?refId=1614567c-13d1-4bb8-bef3-cca4a6461559&position=1&pageNum=0&trk=guest_job_search_job-result-card_result-card_full-click
Dealer Inspire,Digital Marketing Account Manager,Naperville,IL,US,Entry level,['Automotive'],https://www.linkedin.com/jobs/view/digital-marketing-account-manager-at-dealer-inspire-1701867241?refId=1614567c-13d1-4bb8-bef3-cca4a6461559&position=2&pageNum=0&trk=guest_job_search_job-result-card_result-card_full-click
Prince William County Public Schools,"HS TRACK, INDOOR THROWS COACH",Manassas,VA,US,Associate,"['Primary/Secondary Education,Higher Education,Education Management']",https://www.linkedin.com/jobs/view/hs-track-indoor-throws-coach-at-prince-william-county-public-schools-1702109053?refId=1614567c-13d1-4bb8-bef3-cca4a6461559&position=3&pageNum=0&trk=guest_job_search_job-result-card_result-card_full-click
Prince William County Public Schools,LIBRARIAN - 200 DAY,Manassas,VA,US,Entry level,"['Primary/Secondary Education,Higher Education,Education Management']",https://www.linkedin.com/jobs/view/librarian-200-day-at-prince-william-county-public-schools-1702109056?refId=1614567c-13d1-4bb8-bef3-cca4a6461559&position=4&pageNum=0&trk=guest_job_search_job-result-card_result-card_full-click
Prince William County Public Schools,BUSINESS EDUCATION TEACHER - 195 DAY,Manassas,VA,US,Entry level,"['Primary/Secondary Education,Higher Education,Education Management']",https://www.linkedin.com/jobs/view/business-education-teacher-195-day-at-prince-william-county-public-schools-1702106947?refId=1614567c-13d1-4bb8-bef3-cca4a6461559&position=5&pageNum=0&trk=guest_job_search_job-result-card_result-card_full-click
Prince William County Public Schools,THEATRE TEACHER - 195 DAY,Manassas,VA,US,Entry level,"['Primary/Secondary Education,Higher Education,Education Management']",https://www.linkedin.com/jobs/view/theatre-teacher-195-day-at-prince-william-county-public-schools-1702106907?refId=1614567c-13d1-4bb8-bef3-cca4a6461559&position=6&pageNum=0&trk=guest_job_search_job-result-card_result-card_full-click
Prince William County Public Schools,ED - TEACHER OF STUDENTS W/ E.D. - 195 DAY,Manassas,VA,US,Internship,"['Primary/Secondary Education,Higher Education,Education Management']",https://www.linkedin.com/jobs/view/ed-teacher-of-students-w-e-d-195-day-at-prince-william-county-public-schools-1702106924?refId=1614567c-13d1-4bb8-bef3-cca4a6461559&position=7&pageNum=0&trk=guest_job_search_job-result-card_result-card_full-click
Prince William County Public Schools,ELEMENTARY LIBRARIAN - 200 DAY,Manassas,VA,US,Entry level,"['Primary/Secondary Education,Higher Education,Education Management']",https://www.linkedin.com/jobs/view/elementary-librarian-200-day-at-prince-william-county-public-schools-1702106952?refId=1614567c-13d1-4bb8-bef3-cca4a6461559&position=8&pageNum=0&trk=guest_job_search_job-result-card_result-card_full-click
BookBub,Digital Marketing Co-op (Fall 2020),Cambridge,MA,US,Internship,"['Marketing and Advertising,Computer Software,Internet']",https://www.linkedin.com/jobs/view/digital-marketing-co-op-fall-2020-at-bookbub-1701875051?refId=1614567c-13d1-4bb8-bef3-cca4a6461559&position=9&pageNum=0&trk=guest_job_search_job-result-card_result-card_full-click
Prince William County Public Schools,ESOL TEACHER - 195 DAY,Manassas,VA,US,Entry level,"['Primary/Secondary Education,Higher Education,Education Management']",https://www.linkedin.com/jobs/view/esol-teacher-195-day-at-prince-william-county-public-schools-1702108391?refId=1614567c-13d1-4bb8-bef3-cca4a6461559&position=10&pageNum=0&trk=guest_job_search_job-result-card_result-card_full-click
Dealer Inspire,Support Specialist,Appleton,WI,US,Entry level,['Automotive'],https://www.linkedin.com/jobs/view/support-specialist-at-dealer-inspire-1701867229?refId=1614567c-13d1-4bb8-bef3-cca4a6461559&position=12&pageNum=0&trk=guest_job_search_job-result-card_result-card_full-click
Prince William County Public Schools,LD - TEACHER OF STUDENTS W/ L.D. - 195 DAY,Manassas,VA,US,Internship,"['Primary/Secondary Education,Higher Education,Education Management']",https://www.linkedin.com/jobs/view/ld-teacher-of-students-w-l-d-195-day-at-prince-william-county-public-schools-1702107536?refId=1614567c-13d1-4bb8-bef3-cca4a6461559&position=13&pageNum=0&trk=guest_job_search_job-result-card_result-card_full-click
Prince William County Public Schools,LEARNING DISABILITY TEACHER ASSISTANT - 188 DAY,Manassas,VA,US,Entry level,"['Primary/Secondary Education,Higher Education,Education Management']",https://www.linkedin.com/jobs/view/learning-disability-teacher-assistant-188-day-at-prince-william-county-public-schools-1702108429?refId=1614567c-13d1-4bb8-bef3-cca4a6461559&position=14&pageNum=0&trk=guest_job_search_job-result-card_result-card_full-click
Prince William County Public Schools,KINDERGARTEN TEACHER-195 DAY,Manassas,VA,US,Entry level,"['Primary/Secondary Education,Higher Education,Education Management']",https://www.linkedin.com/jobs/view/kindergarten-teacher-195-day-at-prince-william-county-public-schools-1702108383?refId=1614567c-13d1-4bb8-bef3-cca4a6461559&position=16&pageNum=0&trk=guest_job_search_job-result-card_result-card_full-click
"Apparatus Infrastructure Services, a Virtusa company",Metal Finishing Associate,New York,NY,US,Entry level,"['Electrical/Electronic Manufacturing,Architecture & Planning,Design']",https://www.linkedin.com/jobs/view/metal-finishing-associate-at-apparatus-infrastructure-services-a-virtusa-company-1702134392?refId=1614567c-13d1-4bb8-bef3-cca4a6461559&position=17&pageNum=0&trk=guest_job_search_job-result-card_result-card_full-click
Prince William County Public Schools,HIGH SCHOOL COUNSELOR- 200 DAY,Manassas,VA,US,Associate,"['Primary/Secondary Education,Higher Education,Education Management']",https://www.linkedin.com/jobs/view/high-school-counselor-200-day-at-prince-william-county-public-schools-1702109044?refId=1614567c-13d1-4bb8-bef3-cca4a6461559&position=18&pageNum=0&trk=guest_job_search_job-result-card_result-card_full-click
Prince William County Public Schools,BIOLOGY TEACHER - 195 DAY,Manassas,VA,US,Entry level,"['Primary/Secondary Education,Higher Education,Education Management']",https://www.linkedin.com/jobs/view/biology-teacher-195-day-at-prince-william-county-public-schools-1702107581?refId=1614567c-13d1-4bb8-bef3-cca4a6461559&position=19&pageNum=0&trk=guest_job_search_job-result-card_result-card_full-click
Prince William County Public Schools,LD - TEACHING ASSISTANT OF STUDENTS W/ L.D. - TEMP,Manassas,VA,US,Internship,"['Primary/Secondary Education,Higher Education,Education Management']",https://www.linkedin.com/jobs/view/ld-teaching-assistant-of-students-w-l-d-temp-at-prince-william-county-public-schools-1702109046?refId=1614567c-13d1-4bb8-bef3-cca4a6461559&position=20&pageNum=0&trk=guest_job_search_job-result-card_result-card_full-click
Prince William County Public Schools,SCHOOL NURSE - 195 DAY,Manassas,VA,US,Associate,"['Primary/Secondary Education,Higher Education,Education Management']",https://www.linkedin.com/jobs/view/school-nurse-195-day-at-prince-william-county-public-schools-1702108428?refId=1614567c-13d1-4bb8-bef3-cca4a6461559&position=21&pageNum=0&trk=guest_job_search_job-result-card_result-card_full-click
Prince William County Public Schools,TEACHER OF PRESCHOOL STUDENTS (SPEC ED) - 195 DAY,Manassas,VA,US,Internship,"['Primary/Secondary Education,Higher Education,Education Management']",https://www.linkedin.com/jobs/view/teacher-of-preschool-students-spec-ed-195-day-at-prince-william-county-public-schools-1702108420?refId=1614567c-13d1-4bb8-bef3-cca4a6461559&position=22&pageNum=0&trk=guest_job_search_job-result-card_result-card_full-click
Prince William County Public Schools,PHYSICS TEACHER - 195 DAY,Manassas,VA,US,Entry level,"['Primary/Secondary Education,Higher Education,Education Management']",https://www.linkedin.com/jobs/view/physics-teacher-195-day-at-prince-william-county-public-schools-1702107571?refId=1614567c-13d1-4bb8-bef3-cca4a6461559&position=24&pageNum=0&trk=guest_job_search_job-result-card_result-card_full-click
Prince William County Public Schools,4TH GRADE TEACHER - 195 DAY,Manassas,VA,US,Entry level,"['Primary/Secondary Education,Higher Education,Education Management']",https://www.linkedin.com/jobs/view/4th-grade-teacher-195-day-at-prince-william-county-public-schools-1702107563?refId=1614567c-13d1-4bb8-bef3-cca4a6461559&position=25&pageNum=0&trk=guest_job_search_job-result-card_result-card_full-click
McMenamins Pubs & Breweries,Foodrunner,Mcminnville,OR,US,Entry level,"['Restaurants,Food & Beverages,Hospitality']",https://www.linkedin.com/jobs/view/foodrunner-at-mcmenamins-pubs-breweries-1702129591?refId=869f231c-8ea1-4729-a98d-866fcd2723ca&position=1&pageNum=0&trk=guest_job_search_job-result-card_result-card_full-click
Maricopa County,Fingerprint Analyst,Phoenix,AZ,US,Entry level,"['Nonprofit Organization Management,Government Administration,Hospital & Health Care']",https://www.linkedin.com/jobs/view/fingerprint-analyst-at-maricopa-county-1702125217?refId=869f231c-8ea1-4729-a98d-866fcd2723ca&position=4&pageNum=0&trk=guest_job_search_job-result-card_result-card_full-click
The Trust for Public Land,Donor Relations Associate,San Francisco,CA,US,Entry level,"['Nonprofit Organization Management,Civic & Social Organization']",https://www.linkedin.com/jobs/view/donor-relations-associate-at-the-trust-for-public-land-1702124542?refId=869f231c-8ea1-4729-a98d-866fcd2723ca&position=5&pageNum=0&trk=guest_job_search_job-result-card_result-card_full-click
Steve Madden,Sample Coordinator,Sunnyside,WA,US,Entry level,"['Apparel & Fashion,Retail,Luxury Goods & Jewelry']",https://www.linkedin.com/jobs/view/sample-coordinator-at-steve-madden-1702104219?refId=869f231c-8ea1-4729-a98d-866fcd2723ca&position=6&pageNum=0&trk=guest_job_search_job-result-card_result-card_full-click
"PRX International, Corp.",The World Intern,02101,{countryCode=us,US,Internship,"['Marketing and Advertising,Online Media,Nonprofit Organization Management']",https://www.linkedin.com/jobs/view/the-world-intern-at-prx-international-corp-1702133021?refId=869f231c-8ea1-4729-a98d-866fcd2723ca&position=12&pageNum=0&trk=guest_job_search_job-result-card_result-card_full-click
State University of New York College at Cortland,Event Relations Assistant,Cortland,NY,US,Entry level,"['Sports,Higher Education,Education Management']",https://www.linkedin.com/jobs/view/event-relations-assistant-at-state-university-of-new-york-college-at-cortland-1702129361?refId=869f231c-8ea1-4729-a98d-866fcd2723ca&position=13&pageNum=0&trk=guest_job_search_job-result-card_result-card_full-click
Herbalife Nutrition,"Specialist, Social Media",Torrance,CA,US,Entry level,"['Food & Beverages,Packaging and Containers,Food Production']",https://www.linkedin.com/jobs/view/specialist-social-media-at-herbalife-nutrition-1702132656?refId=869f231c-8ea1-4729-a98d-866fcd2723ca&position=14&pageNum=0&trk=guest_job_search_job-result-card_result-card_full-click
AWeber,Start your career HERE!,Chalfont,PA,US,Entry level,"['Marketing and Advertising,Computer Software,Internet']",https://www.linkedin.com/jobs/view/start-your-career-here%21-at-aweber-1702112955?refId=869f231c-8ea1-4729-a98d-866fcd2723ca&position=15&pageNum=0&trk=guest_job_search_job-result-card_result-card_full-click
Bassetlaw District Council,Asset Management Co-ordinator,Ozone Park,NY,US,Entry level,"['Nonprofit Organization Management,Government Administration,Hospital & Health Care']",https://www.linkedin.com/jobs/view/asset-management-co-ordinator-at-bassetlaw-district-council-1702125256?refId=869f231c-8ea1-4729-a98d-866fcd2723ca&position=16&pageNum=0&trk=guest_job_search_job-result-card_result-card_full-click
Rivian,Project Coordinator,Normal,IL,US,Entry level,"['Electrical/Electronic Manufacturing,Computer Software,Automotive']",https://www.linkedin.com/jobs/view/project-coordinator-at-rivian-1705543212?refId=869f231c-8ea1-4729-a98d-866fcd2723ca&position=17&pageNum=0&trk=guest_job_search_job-result-card_result-card_full-click
Girls Inc. of the Island City,Literacy Outreach Facilitator,Alameda,CA,US,Associate,"['Nonprofit Organization Management,Individual & Family Services,Civic & Social Organization']",https://www.linkedin.com/jobs/view/literacy-outreach-facilitator-at-girls-inc-of-the-island-city-1702106333?refId=869f231c-8ea1-4729-a98d-866fcd2723ca&position=18&pageNum=0&trk=guest_job_search_job-result-card_result-card_full-click
Datawiz Corporation,Business Systems & Information Analysts,Virginia,MN,US,Associate,"['Information Technology and Services,Computer Networking,Mechanical or Industrial Engineering']",https://www.linkedin.com/jobs/view/business-systems-information-analysts-at-datawiz-corporation-1702121782?refId=869f231c-8ea1-4729-a98d-866fcd2723ca&position=19&pageNum=0&trk=guest_job_search_job-result-card_result-card_full-click
Open Government Partnership,"Program Officer, Global",Washington,DC,US,Entry level,"['Nonprofit Organization Management,Research,Government Administration']",https://www.linkedin.com/jobs/view/program-officer-global-at-open-government-partnership-1702107358?refId=869f231c-8ea1-4729-a98d-866fcd2723ca&position=20&pageNum=0&trk=guest_job_search_job-result-card_result-card_full-click
Belcan,Research Associate,San Diego,CA,US,Associate,"['Information Technology and Services,Computer Software,Staffing and Recruiting']",https://www.linkedin.com/jobs/view/research-associate-at-belcan-1702134170?refId=869f231c-8ea1-4729-a98d-866fcd2723ca&position=22&pageNum=0&trk=guest_job_search_job-result-card_result-card_full-click
milk + honey spa,"General Manager, Austin",Austin,TX,US,Executive,"['Retail,Health, Wellness and Fitness,Hospitality']",https://www.linkedin.com/jobs/view/general-manager-austin-at-milk-%2B-honey-spa-1702103583?refId=869f231c-8ea1-4729-a98d-866fcd2723ca&position=23&pageNum=0&trk=guest_job_search_job-result-card_result-card_full-click
Wayne County Public Schools,Media Coordinator,Goldsboro,NC,US,Entry level,"['Primary/Secondary Education,Higher Education,Education Management']",https://www.linkedin.com/jobs/view/media-coordinator-at-wayne-county-public-schools-1701973751?refId=869f231c-8ea1-4729-a98d-866fcd2723ca&position=24&pageNum=0&trk=guest_job_search_job-result-card_result-card_full-click
KIND,Customer Operations and Logistics Analyst,New York,NY,US,Associate,"['Food & Beverages,Consumer Goods,Food Production']",https://www.linkedin.com/jobs/view/customer-operations-and-logistics-analyst-at-kind-1701957827?refId=869f231c-8ea1-4729-a98d-866fcd2723ca&position=25&pageNum=0&trk=guest_job_search_job-result-card_result-card_full-click
Omada Health,Technical Recruiter,Myrtle Point,OR,US,Associate,"['Information Technology and Services,Computer Software,Internet']",https://www.linkedin.com/jobs/view/technical-recruiter-at-omada-health-1702129855?refId=2f0d0d75-9de5-4987-8b26-7e8160d09f05&position=1&pageNum=0&trk=guest_job_search_job-result-card_result-card_full-click
Duffy & Shanley,Social Media Specialist,Providence,RI,US,Associate,['Public Relations and Communications'],https://www.linkedin.com/jobs/view/social-media-specialist-at-duffy-shanley-1705462646?refId=2f0d0d75-9de5-4987-8b26-7e8160d09f05&position=2&pageNum=0&trk=guest_job_search_job-result-card_result-card_full-click
3Ci,Network Engineer,Atlanta,GA,US,Entry level,"['Information Technology and Services,Computer Software,Financial Services']",https://www.linkedin.com/jobs/view/network-engineer-at-3ci-1705430806?refId=2f0d0d75-9de5-4987-8b26-7e8160d09f05&position=3&pageNum=0&trk=guest_job_search_job-result-card_result-card_full-click
M+R,Accounts Payable Manager,Washington,DC,US,Associate,"['Marketing and Advertising,Public Relations and Communications,Nonprofit Organization Management']",https://www.linkedin.com/jobs/view/accounts-payable-manager-at-m%2Br-1702133852?refId=2f0d0d75-9de5-4987-8b26-7e8160d09f05&position=4&pageNum=0&trk=guest_job_search_job-result-card_result-card_full-click
Starboard Cruise Services,"Merchandise Assistant, Beauty",Miami,FL,US,Entry level,"['Information Technology and Services,Retail,Financial Services']",https://www.linkedin.com/jobs/view/merchandise-assistant-beauty-at-starboard-cruise-services-1701971782?refId=2f0d0d75-9de5-4987-8b26-7e8160d09f05&position=5&pageNum=0&trk=guest_job_search_job-result-card_result-card_full-click
Federal Reserve Bank of San Francisco,Print Specialist/Senior Print Specialist,San Francisco,CA,US,Associate,"['Information Technology and Services,Banking,Financial Services']",https://www.linkedin.com/jobs/view/print-specialist-senior-print-specialist-at-federal-reserve-bank-of-san-francisco-1702111635?refId=2f0d0d75-9de5-4987-8b26-7e8160d09f05&position=6&pageNum=0&trk=guest_job_search_job-result-card_result-card_full-click
Bank of America Merrill Lynch,"Analyst/Associate- Data Scientist, Predictive Analytics & Primary Research",New York,NY,US,Entry level,"['Information Technology and Services,Human Resources,Insurance']",https://www.linkedin.com/jobs/view/analyst-associate-data-scientist-predictive-analytics-primary-research-at-bank-of-america-merrill-lynch-1702130602?refId=2f0d0d75-9de5-4987-8b26-7e8160d09f05&position=7&pageNum=0&trk=guest_job_search_job-result-card_result-card_full-click
TEKWISSEN Â®,Division Coordinator,Miami,FL,US,Entry level,"['Electrical/Electronic Manufacturing,Construction,Machinery']",https://www.linkedin.com/jobs/view/division-coordinator-at-tekwissen-%C2%AE-1701971259?refId=2f0d0d75-9de5-4987-8b26-7e8160d09f05&position=8&pageNum=0&trk=guest_job_search_job-result-card_result-card_full-click
"Santeon, Inc.",Agile Transformation Lead/ Agile Transformation Coach,Reston,VA,US,Not Applicable,"['Information Technology and Services,Computer Software,Management Consulting']",https://www.linkedin.com/jobs/view/agile-transformation-lead-agile-transformation-coach-at-santeon-inc-1702120629?refId=2f0d0d75-9de5-4987-8b26-7e8160d09f05&position=9&pageNum=0&trk=guest_job_search_job-result-card_result-card_full-click
Grover Gaming,3D Animator/Generalist,Raleigh,NC,US,Not Applicable,"['Information Technology and Services,Computer Software,Computer Games']",https://www.linkedin.com/jobs/view/3d-animator-generalist-at-grover-gaming-1701999679?refId=2f0d0d75-9de5-4987-8b26-7e8160d09f05&position=10&pageNum=0&trk=guest_job_search_job-result-card_result-card_full-click
KIND,"Business Development Manager, Export & Value",Miami,FL,US,Mid-Senior level,"['Food & Beverages,Consumer Goods,Food Production']",https://www.linkedin.com/jobs/view/business-development-manager-export-value-at-kind-1701958378?refId=2f0d0d75-9de5-4987-8b26-7e8160d09f05&position=11&pageNum=0&trk=guest_job_search_job-result-card_result-card_full-click
Stratacent,Project Manager - IT / Technical,Cary,NC,US,Entry level,"['Information Technology and Services,Computer Software,Financial Services']",https://www.linkedin.com/jobs/view/project-manager-it-technical-at-stratacent-1702140703?refId=2f0d0d75-9de5-4987-8b26-7e8160d09f05&position=12&pageNum=0&trk=guest_job_search_job-result-card_result-card_full-click
NorthMarq,Investment Analyst - Commercial Real Estate Finance,Tampa,FL,US,Not Applicable,"['Commercial Real Estate,Financial Services,Real Estate']",https://www.linkedin.com/jobs/view/investment-analyst-commercial-real-estate-finance-at-northmarq-1702100681?refId=2f0d0d75-9de5-4987-8b26-7e8160d09f05&position=13&pageNum=0&trk=guest_job_search_job-result-card_result-card_full-click
"Blue Rock Search, LLC",HR Manager,New York,NY,US,Associate,"['Staffing and Recruiting,Human Resources,Management Consulting']",https://www.linkedin.com/jobs/view/hr-manager-at-blue-rock-search-llc-1702109402?refId=2f0d0d75-9de5-4987-8b26-7e8160d09f05&position=14&pageNum=0&trk=guest_job_search_job-result-card_result-card_full-click
Lonski and Associates LLC,"West Coast, USA - Communications Manager for Major Motorcycle Manufacturer - $100.000+",Las Vegas,NV,US,Not Applicable,['Automotive'],https://www.linkedin.com/jobs/view/west-coast-usa-communications-manager-for-major-motorcycle-manufacturer-%24100-000%2B-at-lonski-and-associates-llc-1702133483?refId=2f0d0d75-9de5-4987-8b26-7e8160d09f05&position=15&pageNum=0&trk=guest_job_search_job-result-card_result-card_full-click
AutoZone,Alarm Coordinator 3rd Shift,Memphis,TN,US,Not Applicable,"['Information Technology and Services,Retail,Financial Services']",https://www.linkedin.com/jobs/view/alarm-coordinator-3rd-shift-at-autozone-1702136489?refId=2f0d0d75-9de5-4987-8b26-7e8160d09f05&position=16&pageNum=0&trk=guest_job_search_job-result-card_result-card_full-click
DYNACRAFT,"Manufacturing Engineer (Day Shift) Job Manufacturing Engineer (Day Shift) Job McKinney, TX, US",Mckinney,TX,US,Entry level,"['Automotive,Machinery,Mechanical or Industrial Engineering']",https://www.linkedin.com/jobs/view/manufacturing-engineer-day-shift-job-manufacturing-engineer-day-shift-job-mckinney-tx-us-at-dynacraft-1702111407?refId=2f0d0d75-9de5-4987-8b26-7e8160d09f05&position=17&pageNum=0&trk=guest_job_search_job-result-card_result-card_full-click
Belcan,Entry Level Electrical Engineer,Windsor,CT,US,Entry level,"['Information Technology and Services,Computer Software,Staffing and Recruiting']",https://www.linkedin.com/jobs/view/entry-level-electrical-engineer-at-belcan-1702135001?refId=2f0d0d75-9de5-4987-8b26-7e8160d09f05&position=18&pageNum=0&trk=guest_job_search_job-result-card_result-card_full-click
SAI Global,Business Analyst for Global Risk Software firm,Chicago,IL,US,Associate,"['Information Technology and Services,Computer Software,Financial Services']",https://www.linkedin.com/jobs/view/business-analyst-for-global-risk-software-firm-at-sai-global-1705471952?refId=2f0d0d75-9de5-4987-8b26-7e8160d09f05&position=19&pageNum=0&trk=guest_job_search_job-result-card_result-card_full-click
Bank of America,Data Engineer,Jersey City,NJ,US,Entry level,"['Information Technology and Services,Banking,Financial Services']",https://www.linkedin.com/jobs/view/data-engineer-at-bank-of-america-1702129757?refId=2f0d0d75-9de5-4987-8b26-7e8160d09f05&position=20&pageNum=0&trk=guest_job_search_job-result-card_result-card_full-click
SAS,Global Account Manager - Life Sciences (Gilead),San Francisco,CA,US,Mid-Senior level,"['Information Technology and Services,Computer Software,Financial Services']",https://www.linkedin.com/jobs/view/global-account-manager-life-sciences-gilead-at-sas-1702134305?refId=2f0d0d75-9de5-4987-8b26-7e8160d09f05&position=21&pageNum=0&trk=guest_job_search_job-result-card_result-card_full-click
ARCortex,Junior AR developer,Marina Del Rey,CA,US,Entry level,"['Information Technology and Services,Computer Software,Computer Games']",https://www.linkedin.com/jobs/view/junior-ar-developer-at-arcortex-1702112981?refId=2f0d0d75-9de5-4987-8b26-7e8160d09f05&position=22&pageNum=0&trk=guest_job_search_job-result-card_result-card_full-click
Georgia Crown Distributing Co,AP Accountant,Mcdonough,GA,US,Entry level,"['Logistics and Supply Chain,Wholesale,Transportation/Trucking/Railroad']",https://www.linkedin.com/jobs/view/ap-accountant-at-georgia-crown-distributing-co-1702134879?refId=2f0d0d75-9de5-4987-8b26-7e8160d09f05&position=23&pageNum=0&trk=guest_job_search_job-result-card_result-card_full-click
South 6,Manager of ERP Technical Delivery,Madison,WI,US,Director,['Information Technology and Services'],https://www.linkedin.com/jobs/view/manager-of-erp-technical-delivery-at-south-6-1705450378?refId=2f0d0d75-9de5-4987-8b26-7e8160d09f05&position=24&pageNum=0&trk=guest_job_search_job-result-card_result-card_full-click
Sutoer Solutions,Project Analyst - Healthcare,North Aurora,IL,US,Associate,"['Hospital & Health Care,Insurance']",https://www.linkedin.com/jobs/view/project-analyst-healthcare-at-sutoer-solutions-1705430858?refId=2f0d0d75-9de5-4987-8b26-7e8160d09f05&position=25&pageNum=0&trk=guest_job_search_job-result-card_result-card_full-click
